<?xml version="1.0" encoding="UTF-8"?><!DOCTYPE office:document-content PUBLIC "-//OpenOffice.org//DTD OfficeDocument 1.0//EN" "office.dtd"><office:document-content xmlns:office="http://openoffice.org/2000/office" xmlns:style="http://openoffice.org/2000/style" xmlns:text="http://openoffice.org/2000/text" xmlns:table="http://openoffice.org/2000/table" xmlns:draw="http://openoffice.org/2000/drawing" xmlns:fo="http://www.w3.org/1999/XSL/Format" xmlns:xlink="http://www.w3.org/1999/xlink" xmlns:number="http://openoffice.org/2000/datastyle" xmlns:svg="http://www.w3.org/2000/svg" xmlns:chart="http://openoffice.org/2000/chart" xmlns:dr3d="http://openoffice.org/2000/dr3d" xmlns:math="http://www.w3.org/1998/Math/MathML" xmlns:form="http://openoffice.org/2000/form" xmlns:script="http://openoffice.org/2000/script" office:class="text" office:version="1.0"><office:script/><office:font-decls><style:font-decl style:name="StarSymbol" fo:font-family="StarSymbol" style:font-charset="x-symbol"/><style:font-decl style:name="Luxi Mono" fo:font-family="&apos;Luxi Mono&apos;" style:font-family-generic="modern" style:font-pitch="fixed"/><style:font-decl style:name="Arial Unicode MS" fo:font-family="&apos;Arial Unicode MS&apos;" style:font-pitch="variable"/><style:font-decl style:name="HG Mincho Light J" fo:font-family="&apos;HG Mincho Light J&apos;" style:font-pitch="variable"/><style:font-decl style:name="Nimbus Roman No9 L" fo:font-family="&apos;Nimbus Roman No9 L&apos;" style:font-family-generic="roman" style:font-pitch="variable"/><style:font-decl style:name="Thorndale" fo:font-family="Thorndale" style:font-family-generic="roman" style:font-pitch="variable"/><style:font-decl style:name="Albany" fo:font-family="Albany" style:font-family-generic="swiss" style:font-pitch="variable"/></office:font-decls><office:automatic-styles><style:style style:name="Table1" style:family="table"><style:properties style:width="23.181cm" table:align="margins"/></style:style><style:style style:name="Table1.A" style:family="table-column"><style:properties style:column-width="7.571cm" style:rel-column-width="3685*"/></style:style><style:style style:name="Table1.B" style:family="table-column"><style:properties style:column-width="9.2cm" style:rel-column-width="4478*"/></style:style><style:style style:name="Table1.C" style:family="table-column"><style:properties style:column-width="3.53cm" style:rel-column-width="1718*"/></style:style><style:style style:name="Table1.D" style:family="table-column"><style:properties style:column-width="1.111cm" style:rel-column-width="541*"/></style:style><style:style style:name="Table1.E" style:family="table-column"><style:properties style:column-width="1.762cm" style:rel-column-width="858*"/></style:style><style:style style:name="Table1.A1" style:family="table-cell"><style:properties style:border-line-width-left="0.002cm 0.088cm 0.002cm" style:border-line-width-top="0.002cm 0.088cm 0.002cm" style:border-line-width-bottom="0.002cm 0.088cm 0.002cm" fo:padding="0.097cm" fo:border-left="0.092cm double #808080" fo:border-right="none" fo:border-top="0.092cm double #808080" fo:border-bottom="0.092cm double #808080"/></style:style><style:style style:name="Table1.E1" style:family="table-cell"><style:properties style:border-line-width="0.002cm 0.088cm 0.002cm" fo:padding="0.097cm" fo:border="0.092cm double #808080"/></style:style><style:style style:name="Table1.A2" style:family="table-cell"><style:properties style:border-line-width-left="0.002cm 0.088cm 0.002cm" style:border-line-width-bottom="0.002cm 0.088cm 0.002cm" fo:padding="0.097cm" fo:border-left="0.092cm double #808080" fo:border-right="none" fo:border-top="none" fo:border-bottom="0.092cm double #808080"/></style:style><style:style style:name="Table1.E2" style:family="table-cell"><style:properties style:border-line-width-left="0.002cm 0.088cm 0.002cm" style:border-line-width-right="0.002cm 0.088cm 0.002cm" style:border-line-width-bottom="0.002cm 0.088cm 0.002cm" fo:padding="0.097cm" fo:border-left="0.092cm double #808080" fo:border-right="0.092cm double #808080" fo:border-top="none" fo:border-bottom="0.092cm double #808080"/></style:style><style:style style:name="P1" style:family="paragraph" style:parent-style-name="Heading 1" style:master-page-name="HTML"><style:properties style:page-number="0"/></style:style><style:style style:name="P2" style:family="paragraph" style:parent-style-name="Text body" style:list-style-name="L1"/><style:style style:name="P3" style:family="paragraph" style:parent-style-name="Text body" style:list-style-name="L1"><style:properties fo:font-weight="normal"/></style:style><style:style style:name="T1" style:family="text"><style:properties fo:font-weight="bold"/></style:style><text:list-style style:name="L1"><text:list-level-style-bullet text:level="1" text:style-name="Bullet Symbols" style:num-suffix="." text:bullet-char=" * "><style:properties text:min-label-width="0.499cm" style:font-name="StarSymbol"/></text:list-level-style-bullet><text:list-level-style-bullet text:level="2" text:style-name="Bullet Symbols" style:num-suffix="." text:bullet-char=" * "><style:properties text:space-before="0.771cm" text:min-label-width="0.499cm" style:font-name="StarSymbol"/></text:list-level-style-bullet><text:list-level-style-bullet text:level="3" text:style-name="Bullet Symbols" style:num-suffix="." text:bullet-char=" * "><style:properties text:space-before="2.041cm" text:min-label-width="0.499cm" style:font-name="StarSymbol"/></text:list-level-style-bullet><text:list-level-style-bullet text:level="4" text:style-name="Bullet Symbols" style:num-suffix="." text:bullet-char=" * "><style:properties text:space-before="3.311cm" text:min-label-width="0.499cm" style:font-name="StarSymbol"/></text:list-level-style-bullet><text:list-level-style-bullet text:level="5" text:style-name="Bullet Symbols" style:num-suffix="." text:bullet-char=" * "><style:properties text:space-before="4.581cm" text:min-label-width="0.499cm" style:font-name="StarSymbol"/></text:list-level-style-bullet><text:list-level-style-bullet text:level="6" text:style-name="Bullet Symbols" style:num-suffix="." text:bullet-char=" * "><style:properties text:space-before="5.851cm" text:min-label-width="0.499cm" style:font-name="StarSymbol"/></text:list-level-style-bullet><text:list-level-style-bullet text:level="7" text:style-name="Bullet Symbols" style:num-suffix="." text:bullet-char=" * "><style:properties text:space-before="7.121cm" text:min-label-width="0.499cm" style:font-name="StarSymbol"/></text:list-level-style-bullet><text:list-level-style-bullet text:level="8" text:style-name="Bullet Symbols" style:num-suffix="." text:bullet-char=" * "><style:properties text:space-before="8.391cm" text:min-label-width="0.499cm" style:font-name="StarSymbol"/></text:list-level-style-bullet><text:list-level-style-bullet text:level="9" text:style-name="Bullet Symbols" style:num-suffix="." text:bullet-char=" * "><style:properties text:space-before="9.661cm" text:min-label-width="0.499cm" style:font-name="StarSymbol"/></text:list-level-style-bullet><text:list-level-style-bullet text:level="10" text:style-name="Bullet Symbols" style:num-suffix="." text:bullet-char=" * "><style:properties text:space-before="10.931cm" text:min-label-width="0.499cm" style:font-name="StarSymbol"/></text:list-level-style-bullet></text:list-style></office:automatic-styles><office:body><text:sequence-decls><text:sequence-decl text:display-outline-level="0" text:name="Illustration"/><text:sequence-decl text:display-outline-level="0" text:name="Table"/><text:sequence-decl text:display-outline-level="0" text:name="Text"/><text:sequence-decl text:display-outline-level="0" text:name="Drawing"/></text:sequence-decls><text:h text:style-name="P1" text:level="1">KXML Benchmark</text:h><text:p text:style-name="Text body">The kXML EEMBC benchmark uses the open-source <text:a xlink:type="simple" xlink:href="http://www.kxml.org/">kXML XML parser</text:a> to create, parse, and search XML documents. <text:s/>The benchmark is very flexible because it includes a simple command language, which it reads to determine what to do. <text:s/>Documents are stored as ? and a hash table is used to keep a &quot;directory&quot; of </text:p><text:h text:style-name="Heading 2" text:level="2">Commands</text:h><text:p text:style-name="Text body">The command interpreter implements the following commands:</text:p><table:table table:name="Table1" table:style-name="Table1"><table:table-column table:style-name="Table1.A"/><table:table-column table:style-name="Table1.B"/><table:table-column table:style-name="Table1.C"/><table:table-column table:style-name="Table1.D"/><table:table-column table:style-name="Table1.E"/><table:table-header-rows><table:table-row><table:table-cell table:style-name="Table1.A1" table:value-type="string"><text:p text:style-name="Table Heading">Command</text:p></table:table-cell><table:table-cell table:style-name="Table1.A1" table:value-type="string"><text:p text:style-name="Table Heading">Explanation</text:p></table:table-cell><table:table-cell table:style-name="Table1.A1" table:value-type="string"><text:p text:style-name="Table Heading"/></table:table-cell><table:table-cell table:style-name="Table1.A1" table:value-type="string"><text:p text:style-name="Table Heading"/></table:table-cell><table:table-cell table:style-name="Table1.E1" table:value-type="string"><text:p text:style-name="Table Heading"/></table:table-cell></table:table-row></table:table-header-rows><table:table-row><table:table-cell table:style-name="Table1.A2" table:value-type="string"><text:p text:style-name="Preformatted Text">C &lt;docName&gt; &lt;resName&gt;</text:p></table:table-cell><table:table-cell table:style-name="Table1.A2" table:value-type="string"><text:p text:style-name="Table Contents">Parse the XML document contained in the resource specified by &lt;resName&gt; store it in a DOM tree. <text:s/>Store a reference to the DOM tree in the document hash table <text:s/>using &lt;docName&gt; as the key.</text:p></table:table-cell><table:table-cell table:style-name="Table1.A2" table:value-type="string"><text:p text:style-name="Table Contents"/></table:table-cell><table:table-cell table:style-name="Table1.A2" table:value-type="string"><text:p text:style-name="Table Contents"/></table:table-cell><table:table-cell table:style-name="Table1.E2" table:value-type="string"><text:p text:style-name="Table Contents"/></table:table-cell></table:table-row><table:table-row><table:table-cell table:style-name="Table1.A2" table:value-type="string"><text:p text:style-name="Preformatted Text">E &lt;docName&gt;</text:p></table:table-cell><table:table-cell table:style-name="Table1.A2" table:value-type="string"><text:p text:style-name="Table Contents">Erase (delete) the specified document by removing it from the document hash table.</text:p></table:table-cell><table:table-cell table:style-name="Table1.A2" table:value-type="string"><text:p text:style-name="Table Contents"/></table:table-cell><table:table-cell table:style-name="Table1.A2" table:value-type="string"><text:p text:style-name="Table Contents"/></table:table-cell><table:table-cell table:style-name="Table1.E2" table:value-type="string"><text:p text:style-name="Table Contents"/></table:table-cell></table:table-row><table:table-row><table:table-cell table:style-name="Table1.A2" table:value-type="string"><text:p text:style-name="Preformatted Text">I &lt;docName&gt; &lt;resName&gt; &lt;indexList&gt;</text:p></table:table-cell><table:table-cell table:style-name="Table1.A2" table:value-type="string"><text:p text:style-name="Table Contents"/></table:table-cell><table:table-cell table:style-name="Table1.A2" table:value-type="string"><text:p text:style-name="Table Contents"/></table:table-cell><table:table-cell table:style-name="Table1.A2" table:value-type="string"><text:p text:style-name="Table Contents"/></table:table-cell><table:table-cell table:style-name="Table1.E2" table:value-type="string"><text:p text:style-name="Table Contents"/></table:table-cell></table:table-row><table:table-row><table:table-cell table:style-name="Table1.A2" table:value-type="string"><text:p text:style-name="Preformatted Text">D &lt;docName&gt; &lt;indexList&gt;</text:p></table:table-cell><table:table-cell table:style-name="Table1.A2" table:value-type="string"><text:p text:style-name="Table Contents"/></table:table-cell><table:table-cell table:style-name="Table1.A2" table:value-type="string"><text:p text:style-name="Table Contents"/></table:table-cell><table:table-cell table:style-name="Table1.A2" table:value-type="string"><text:p text:style-name="Table Contents"/></table:table-cell><table:table-cell table:style-name="Table1.E2" table:value-type="string"><text:p text:style-name="Table Contents"/></table:table-cell></table:table-row><table:table-row><table:table-cell table:style-name="Table1.A2" table:value-type="string"><text:p text:style-name="Preformatted Text">V &lt;docName&gt; &lt;resName&gt;</text:p></table:table-cell><table:table-cell table:style-name="Table1.A2" table:value-type="string"><text:p text:style-name="Table Contents"/></table:table-cell><table:table-cell table:style-name="Table1.A2" table:value-type="string"><text:p text:style-name="Table Contents"/></table:table-cell><table:table-cell table:style-name="Table1.A2" table:value-type="string"><text:p text:style-name="Table Contents"/></table:table-cell><table:table-cell table:style-name="Table1.E2" table:value-type="string"><text:p text:style-name="Table Contents"/></table:table-cell></table:table-row><table:table-row><table:table-cell table:style-name="Table1.A2" table:value-type="string"><text:p text:style-name="Preformatted Text">P</text:p></table:table-cell><table:table-cell table:style-name="Table1.A2" table:value-type="string"><text:p text:style-name="Table Contents"/></table:table-cell><table:table-cell table:style-name="Table1.A2" table:value-type="string"><text:p text:style-name="Table Contents"/></table:table-cell><table:table-cell table:style-name="Table1.A2" table:value-type="string"><text:p text:style-name="Table Contents"/></table:table-cell><table:table-cell table:style-name="Table1.E2" table:value-type="string"><text:p text:style-name="Table Contents"/></table:table-cell></table:table-row><table:table-row><table:table-cell table:style-name="Table1.A2" table:value-type="string"><text:p text:style-name="Preformatted Text">N</text:p></table:table-cell><table:table-cell table:style-name="Table1.A2" table:value-type="string"><text:p text:style-name="Table Contents"/></table:table-cell><table:table-cell table:style-name="Table1.A2" table:value-type="string"><text:p text:style-name="Table Contents"/></table:table-cell><table:table-cell table:style-name="Table1.A2" table:value-type="string"><text:p text:style-name="Table Contents"/></table:table-cell><table:table-cell table:style-name="Table1.E2" table:value-type="string"><text:p text:style-name="Table Contents"/></table:table-cell></table:table-row><table:table-row><table:table-cell table:style-name="Table1.A2" table:value-type="string"><text:p text:style-name="Preformatted Text">T</text:p></table:table-cell><table:table-cell table:style-name="Table1.A2" table:value-type="string"><text:p text:style-name="Table Contents"/></table:table-cell><table:table-cell table:style-name="Table1.A2" table:value-type="string"><text:p text:style-name="Table Contents"/></table:table-cell><table:table-cell table:style-name="Table1.A2" table:value-type="string"><text:p text:style-name="Table Contents"/></table:table-cell><table:table-cell table:style-name="Table1.E2" table:value-type="string"><text:p text:style-name="Table Contents"/></table:table-cell></table:table-row><table:table-row><table:table-cell table:style-name="Table1.A2" table:value-type="string"><text:p text:style-name="Preformatted Text">B</text:p></table:table-cell><table:table-cell table:style-name="Table1.A2" table:value-type="string"><text:p text:style-name="Table Contents"/></table:table-cell><table:table-cell table:style-name="Table1.A2" table:value-type="string"><text:p text:style-name="Table Contents"/></table:table-cell><table:table-cell table:style-name="Table1.A2" table:value-type="string"><text:p text:style-name="Table Contents"/></table:table-cell><table:table-cell table:style-name="Table1.E2" table:value-type="string"><text:p text:style-name="Table Contents"/></table:table-cell></table:table-row><table:table-row><table:table-cell table:style-name="Table1.A2" table:value-type="string"><text:p text:style-name="Preformatted Text">O</text:p></table:table-cell><table:table-cell table:style-name="Table1.A2" table:value-type="string"><text:p text:style-name="Table Contents"/></table:table-cell><table:table-cell table:style-name="Table1.A2" table:value-type="string"><text:p text:style-name="Table Contents"/></table:table-cell><table:table-cell table:style-name="Table1.A2" table:value-type="string"><text:p text:style-name="Table Contents"/></table:table-cell><table:table-cell table:style-name="Table1.E2" table:value-type="string"><text:p text:style-name="Table Contents"/></table:table-cell></table:table-row><table:table-row><table:table-cell table:style-name="Table1.A2" table:value-type="string"><text:p text:style-name="Preformatted Text">X</text:p></table:table-cell><table:table-cell table:style-name="Table1.A2" table:value-type="string"><text:p text:style-name="Table Contents"/></table:table-cell><table:table-cell table:style-name="Table1.A2" table:value-type="string"><text:p text:style-name="Table Contents"/></table:table-cell><table:table-cell table:style-name="Table1.A2" table:value-type="string"><text:p text:style-name="Table Contents"/></table:table-cell><table:table-cell table:style-name="Table1.E2" table:value-type="string"><text:p text:style-name="Table Contents"/></table:table-cell></table:table-row><table:table-row><table:table-cell table:style-name="Table1.A2" table:value-type="string"><text:p text:style-name="Preformatted Text">; &lt;arbitrary text&gt;</text:p></table:table-cell><table:table-cell table:style-name="Table1.A2" table:value-type="string"><text:p text:style-name="Table Contents">Comment</text:p></table:table-cell><table:table-cell table:style-name="Table1.A2" table:value-type="string"><text:p text:style-name="Table Contents"/></table:table-cell><table:table-cell table:style-name="Table1.A2" table:value-type="string"><text:p text:style-name="Table Contents"/></table:table-cell><table:table-cell table:style-name="Table1.E2" table:value-type="string"><text:p text:style-name="Table Contents"/></table:table-cell></table:table-row></table:table><text:p text:style-name="Text body"/><text:p text:style-name="Text body">Problems/bugs:</text:p><text:unordered-list text:style-name="L1"><text:list-item><text:p text:style-name="P2">Parser constructors are called without specifying buffer size - the kXML code then uses the amt of free mem to determine how big the buffer should be. <text:s/>This is non-deterministic.</text:p></text:list-item><text:list-item><text:p text:style-name="P2">doc1.txt is <text:span text:style-name="T1">TINY!</text:span></text:p></text:list-item><text:list-item><text:p text:style-name="P3"/></text:list-item></text:unordered-list></office:body></office:document-content>