<?xml version="1.0" encoding="UTF-8"?>
<!DOCTYPE office:document-styles PUBLIC "-//OpenOffice.org//DTD OfficeDocument 1.0//EN" "office.dtd"><office:document-styles xmlns:office="http://openoffice.org/2000/office" xmlns:style="http://openoffice.org/2000/style" xmlns:text="http://openoffice.org/2000/text" xmlns:table="http://openoffice.org/2000/table" xmlns:draw="http://openoffice.org/2000/drawing" xmlns:fo="http://www.w3.org/1999/XSL/Format" xmlns:xlink="http://www.w3.org/1999/xlink" xmlns:number="http://openoffice.org/2000/datastyle" xmlns:svg="http://www.w3.org/2000/svg" xmlns:chart="http://openoffice.org/2000/chart" xmlns:dr3d="http://openoffice.org/2000/dr3d" xmlns:math="http://www.w3.org/1998/Math/MathML" xmlns:form="http://openoffice.org/2000/form" xmlns:script="http://openoffice.org/2000/script" office:version="1.0"><office:font-decls><style:font-decl style:name="StarSymbol" fo:font-family="StarSymbol" style:font-charset="x-symbol"/><style:font-decl style:name="Luxi Mono" fo:font-family="&apos;Luxi Mono&apos;" style:font-family-generic="modern" style:font-pitch="fixed"/><style:font-decl style:name="Arial Unicode MS" fo:font-family="&apos;Arial Unicode MS&apos;" style:font-pitch="variable"/><style:font-decl style:name="HG Mincho Light J" fo:font-family="&apos;HG Mincho Light J&apos;" style:font-pitch="variable"/><style:font-decl style:name="Nimbus Roman No9 L" fo:font-family="&apos;Nimbus Roman No9 L&apos;" style:font-family-generic="roman" style:font-pitch="variable"/><style:font-decl style:name="Thorndale" fo:font-family="Thorndale" style:font-family-generic="roman" style:font-pitch="variable"/><style:font-decl style:name="Albany" fo:font-family="Albany" style:font-family-generic="swiss" style:font-pitch="variable"/></office:font-decls><office:styles><style:default-style style:family="graphics"><style:properties draw:start-line-spacing-horizontal="0.283cm" draw:start-line-spacing-vertical="0.283cm" draw:end-line-spacing-horizontal="0.283cm" draw:end-line-spacing-vertical="0.283cm" fo:color="#000000" style:font-name="Nimbus Roman No9 L" fo:font-size="12pt" fo:language="en" fo:country="US" style:font-name-asian="HG Mincho Light J" style:font-size-asian="12pt" style:language-asian="none" style:country-asian="none" style:font-name-complex="Arial Unicode MS" style:font-size-complex="12pt" style:language-complex="none" style:country-complex="none" style:text-autospace="ideograph-alpha" style:punctuation-wrap="simple" style:line-break="strict"><style:tab-stops/></style:properties></style:default-style><style:default-style style:family="paragraph"><style:properties fo:color="#000000" style:font-name="Nimbus Roman No9 L" fo:font-size="12pt" fo:language="en" fo:country="US" style:font-name-asian="HG Mincho Light J" style:font-size-asian="12pt" style:language-asian="none" style:country-asian="none" style:font-name-complex="Arial Unicode MS" style:font-size-complex="12pt" style:language-complex="none" style:country-complex="none" style:text-autospace="ideograph-alpha" style:punctuation-wrap="hanging" style:line-break="strict"/></style:default-style><style:style style:name="Standard" style:family="paragraph" style:class="text"/><style:style style:name="Text body" style:family="paragraph" style:parent-style-name="Standard" style:class="text"><style:properties fo:margin-top="0cm" fo:margin-bottom="0.499cm"/></style:style><style:style style:name="Heading" style:family="paragraph" style:parent-style-name="Standard" style:next-style-name="Text body" style:class="text"><style:properties fo:margin-top="0.423cm" fo:margin-bottom="0.499cm" style:font-name="Albany" fo:font-size="14pt" style:font-name-asian="HG Mincho Light J" style:font-size-asian="14pt" style:font-name-complex="Arial Unicode MS" style:font-size-complex="14pt" fo:keep-with-next="true"/></style:style><style:style style:name="Heading 1" style:family="paragraph" style:parent-style-name="Heading" style:next-style-name="Text body" style:class="text"><style:properties style:font-name="Thorndale" fo:font-size="24pt" fo:font-weight="bold" style:font-name-asian="HG Mincho Light J" style:font-size-asian="24pt" style:font-weight-asian="bold" style:font-name-complex="Arial Unicode MS" style:font-size-complex="24pt" style:font-weight-complex="bold"/></style:style><style:style style:name="Heading 2" style:family="paragraph" style:parent-style-name="Heading" style:next-style-name="Text body" style:class="text"><style:properties style:font-name="Nimbus Roman No9 L" fo:font-size="18pt" fo:font-weight="bold" style:font-name-asian="HG Mincho Light J" style:font-size-asian="18pt" style:font-weight-asian="bold" style:font-name-complex="Arial Unicode MS" style:font-size-complex="18pt" style:font-weight-complex="bold"/></style:style><style:style style:name="Table Contents" style:family="paragraph" style:parent-style-name="Text body" style:class="extra"/><style:style style:name="Table Heading" style:family="paragraph" style:parent-style-name="Table Contents" style:class="extra"><style:properties fo:font-weight="bold" style:font-weight-asian="bold" style:font-weight-complex="bold" fo:text-align="center" style:justify-single-word="false" text:number-lines="false" text:line-number="0"/></style:style><style:style style:name="Sender" style:family="paragraph" style:parent-style-name="Standard" style:class="extra"><style:properties fo:font-style="italic"/></style:style><style:style style:name="Preformatted Text" style:family="paragraph" style:parent-style-name="Standard" style:class="html"><style:properties fo:margin-top="0cm" fo:margin-bottom="0cm" style:font-name="Luxi Mono" fo:font-size="10pt" style:font-name-asian="Luxi Mono" style:font-size-asian="10pt" style:font-name-complex="Luxi Mono" style:font-size-complex="10pt"/></style:style><style:style style:name="Horizontal Line" style:family="paragraph" style:parent-style-name="Standard" style:next-style-name="Text body" style:class="html"><style:properties fo:margin-top="0cm" fo:margin-bottom="0.499cm" fo:font-size="6pt" style:border-line-width-bottom="0.002cm 0.035cm 0.002cm" fo:padding="0cm" fo:border-left="none" fo:border-right="none" fo:border-top="none" fo:border-bottom="0.039cm double #808080"/></style:style><style:style style:name="List Contents" style:family="paragraph" style:parent-style-name="Standard" style:class="html"><style:properties fo:margin-left="1cm" fo:margin-right="0cm" fo:text-indent="0cm" style:auto-text-indent="false"/></style:style><style:style style:name="Footnote Symbol" style:family="text"/><style:style style:name="Bullet Symbols" style:family="text"><style:properties style:font-name="StarSymbol" fo:font-size="9pt" style:font-name-asian="StarSymbol" style:font-size-asian="9pt" style:font-name-complex="StarSymbol" style:font-size-complex="9pt"/></style:style><style:style style:name="Internet link" style:family="text"><style:properties fo:color="#000080" style:text-underline="single" style:text-underline-color="font-color"/></style:style><style:style style:name="Visited Internet Link" style:family="text"><style:properties fo:color="#800000" style:text-underline="single" style:text-underline-color="font-color"/></style:style><style:style style:name="Endnote Symbol" style:family="text"/><style:style style:name="Frame" style:family="graphics"><style:properties text:anchor-type="as-char" svg:y="0cm" style:wrap="none" style:vertical-pos="middle" style:vertical-rel="line"/></style:style><style:style style:name="Graphics" style:family="graphics"><style:properties text:anchor-type="paragraph" svg:x="0cm" svg:y="0cm" style:wrap="none" style:vertical-pos="top" style:vertical-rel="paragraph" style:horizontal-pos="center" style:horizontal-rel="paragraph"/></style:style><style:style style:name="OLE" style:family="graphics"><style:properties text:anchor-type="paragraph" svg:x="0cm" svg:y="0cm" style:wrap="none" style:vertical-pos="top" style:vertical-rel="paragraph" style:horizontal-pos="center" style:horizontal-rel="paragraph"/></style:style><text:outline-style><text:outline-level-style text:level="1" style:num-format=""/><text:outline-level-style text:level="2" style:num-format=""/><text:outline-level-style text:level="3" style:num-format=""/><text:outline-level-style text:level="4" style:num-format=""/><text:outline-level-style text:level="5" style:num-format=""/><text:outline-level-style text:level="6" style:num-format=""/><text:outline-level-style text:level="7" style:num-format=""/><text:outline-level-style text:level="8" style:num-format=""/><text:outline-level-style text:level="9" style:num-format=""/><text:outline-level-style text:level="10" style:num-format=""/></text:outline-style><text:footnotes-configuration text:citation-style-name="Footnote Symbol" style:num-format="1" text:start-value="0" text:footnotes-position="page" text:start-numbering-at="document"/><text:endnotes-configuration text:citation-style-name="Endnote Symbol" style:num-format="i" text:start-value="0"/><text:linenumbering-configuration text:number-lines="false" text:offset="0.499cm" style:num-format="1" text:number-position="left" text:increment="5"/></office:styles><office:automatic-styles><style:page-master style:name="pm1"><style:properties fo:page-width="20.999cm" fo:page-height="29.699cm" style:num-format="1" style:print-orientation="portrait" fo:margin-top="2cm" fo:margin-bottom="2cm" fo:margin-left="2cm" fo:margin-right="2cm" style:footnote-max-height="0cm"><style:footnote-sep style:width="0.018cm" style:distance-before-sep="0.101cm" style:distance-after-sep="0.101cm" style:adjustment="left" style:rel-width="25%" style:color="#000000"/></style:properties><style:header-style/><style:footer-style/></style:page-master><style:page-master style:name="pm2"><style:properties fo:page-width="20.999cm" fo:page-height="29.699cm" style:num-format="1" style:print-orientation="portrait" fo:margin-top="1cm" fo:margin-bottom="1cm" fo:margin-left="2cm" fo:margin-right="1cm" style:footnote-max-height="0cm"><style:footnote-sep style:width="0.018cm" style:distance-before-sep="0.101cm" style:distance-after-sep="0.101cm" style:adjustment="left" style:rel-width="25%" style:color="#000000"/></style:properties><style:header-style/><style:footer-style/></style:page-master></office:automatic-styles><office:master-styles><style:master-page style:name="Standard" style:page-master-name="pm1"/>This is text.<style:master-page style:name="HTML" style:page-master-name="pm2"/></office:master-styles></office:document-styles>